<?xml version="1.0" encoding="UTF-8" ?> 
<!DOCTYPE project PUBLIC "project" "project.dtd" >
<project version="1.0" >
  <set param="PCW::UART0::PERIPHERAL::ENABLE" value="0" />
  <set param="PCW::UART1::PERIPHERAL::ENABLE" value="1" />
  <set param="PCW::UART1::UART1::IO" value="MIO 48 .. 49" />
  <set param="PCW::I2C0::PERIPHERAL::ENABLE" value="1" />
  <set param="PCW::I2C0::I2C0::IO" value="MIO 50 .. 51" />
  <set param="PCW::CAN0::PERIPHERAL::ENABLE" value="1" />
  <set param="PCW::CAN0::CAN0::IO" value="MIO 46 .. 47" />
  <set param="PCW::SD0::PERIPHERAL::ENABLE" value="1" />
  <set param="PCW::SD0::GRP_CD::ENABLE" value="1" />
  <set param="PCW::SD0::GRP_WP::ENABLE" value="1" />
  <set param="PCW::SD0::SD0::IO" value="MIO 40 .. 45" />
  <set param="PCW::SD0::GRP_CD::IO" value="MIO 0" />
  <set param="PCW::SD0::GRP_WP::IO" value="MIO 15" />
  <set param="PCW::ENET0::PERIPHERAL::ENABLE" value="1" />
  <set param="PCW::ENET0::GRP_MDIO::ENABLE" value="1" />
  <set param="PCW::ENET0::ENET0::IO" value="MIO 16 .. 27" />
  <set param="PCW::ENET0::GRP_MDIO::IO" value="MIO 52 .. 53" />
  <set param="PCW::USB0::PERIPHERAL::ENABLE" value="1" />
  <set param="PCW::USB0::USB0::IO" value="MIO 28 .. 39" />
  <set param="PCW::QSPI::PERIPHERAL::ENABLE" value="1" />
  <set param="PCW::QSPI::GRP_FBCLK::ENABLE" value="0" />
  <set param="PCW::MIO::MIO[0]::IOTYPE" value="LVCMOS 1.8V" />
  <set param="PCW::MIO::MIO[1]::IOTYPE" value="LVCMOS 1.8V" />
  <set param="PCW::MIO::MIO[2]::IOTYPE" value="LVCMOS 1.8V" />
  <set param="PCW::MIO::MIO[3]::IOTYPE" value="LVCMOS 1.8V" />
  <set param="PCW::MIO::MIO[4]::IOTYPE" value="LVCMOS 1.8V" />
  <set param="PCW::MIO::MIO[5]::IOTYPE" value="LVCMOS 1.8V" />
  <set param="PCW::MIO::MIO[6]::IOTYPE" value="LVCMOS 1.8V" />
  <set param="PCW::MIO::MIO[7]::IOTYPE" value="LVCMOS 1.8V" />
  <set param="PCW::MIO::MIO[7]::PULLUP" value="disabled" />
  <set param="PCW::MIO::MIO[8]::IOTYPE" value="LVCMOS 1.8V" />
  <set param="PCW::MIO::MIO[8]::PULLUP" value="disabled" />
  <set param="PCW::MIO::MIO[9]::IOTYPE" value="LVCMOS 1.8V" />
  <set param="PCW::MIO::MIO[9]::PULLUP" value="disabled" />
  <set param="PCW::MIO::MIO[9]::DIRECTION" value="out" />
  <set param="PCW::MIO::MIO[10]::IOTYPE" value="LVCMOS 1.8V" />
  <set param="PCW::MIO::MIO[10]::PULLUP" value="disabled" />
  <set param="PCW::MIO::MIO[10]::DIRECTION" value="out" />
  <set param="PCW::MIO::MIO[11]::IOTYPE" value="LVCMOS 1.8V" />
  <set param="PCW::MIO::MIO[11]::PULLUP" value="disabled" />
  <set param="PCW::MIO::MIO[11]::DIRECTION" value="out" />
  <set param="PCW::MIO::MIO[12]::IOTYPE" value="LVCMOS 1.8V" />
  <set param="PCW::MIO::MIO[12]::PULLUP" value="disabled" />
  <set param="PCW::MIO::MIO[12]::DIRECTION" value="in" />
  <set param="PCW::MIO::MIO[13]::IOTYPE" value="LVCMOS 1.8V" />
  <set param="PCW::MIO::MIO[13]::PULLUP" value="disabled" />
  <set param="PCW::MIO::MIO[13]::DIRECTION" value="out" />
  <set param="PCW::MIO::MIO[14]::IOTYPE" value="LVCMOS 1.8V" />
  <set param="PCW::MIO::MIO[14]::PULLUP" value="disabled" />
  <set param="PCW::MIO::MIO[14]::DIRECTION" value="in" />
  <set param="PCW::MIO::MIO[15]::IOTYPE" value="LVCMOS 1.8V" />
  <set param="PCW::MIO::MIO[16]::IOTYPE" value="LVCMOS 1.8V" />
  <set param="PCW::MIO::MIO[17]::IOTYPE" value="LVCMOS 1.8V" />
  <set param="PCW::MIO::MIO[18]::IOTYPE" value="LVCMOS 1.8V" />
  <set param="PCW::MIO::MIO[19]::IOTYPE" value="LVCMOS 1.8V" />
  <set param="PCW::MIO::MIO[20]::IOTYPE" value="LVCMOS 1.8V" />
  <set param="PCW::MIO::MIO[21]::IOTYPE" value="LVCMOS 1.8V" />
  <set param="PCW::MIO::MIO[22]::IOTYPE" value="LVCMOS 1.8V" />
  <set param="PCW::MIO::MIO[23]::IOTYPE" value="LVCMOS 1.8V" />
  <set param="PCW::MIO::MIO[24]::IOTYPE" value="LVCMOS 1.8V" />
  <set param="PCW::MIO::MIO[25]::IOTYPE" value="LVCMOS 1.8V" />
  <set param="PCW::MIO::MIO[26]::IOTYPE" value="LVCMOS 1.8V" />
  <set param="PCW::MIO::MIO[27]::IOTYPE" value="LVCMOS 1.8V" />
  <set param="PCW::MIO::MIO[28]::IOTYPE" value="LVCMOS 1.8V" />
  <set param="PCW::MIO::MIO[29]::IOTYPE" value="LVCMOS 1.8V" />
  <set param="PCW::MIO::MIO[30]::IOTYPE" value="LVCMOS 1.8V" />
  <set param="PCW::MIO::MIO[31]::IOTYPE" value="LVCMOS 1.8V" />
  <set param="PCW::MIO::MIO[32]::IOTYPE" value="LVCMOS 1.8V" />
  <set param="PCW::MIO::MIO[33]::IOTYPE" value="LVCMOS 1.8V" />
  <set param="PCW::MIO::MIO[34]::IOTYPE" value="LVCMOS 1.8V" />
  <set param="PCW::MIO::MIO[35]::IOTYPE" value="LVCMOS 1.8V" />
  <set param="PCW::MIO::MIO[36]::IOTYPE" value="LVCMOS 1.8V" />
  <set param="PCW::MIO::MIO[37]::IOTYPE" value="LVCMOS 1.8V" />
  <set param="PCW::MIO::MIO[38]::IOTYPE" value="LVCMOS 1.8V" />
  <set param="PCW::MIO::MIO[39]::IOTYPE" value="LVCMOS 1.8V" />
  <set param="PCW::MIO::MIO[40]::IOTYPE" value="LVCMOS 1.8V" />
  <set param="PCW::MIO::MIO[41]::IOTYPE" value="LVCMOS 1.8V" />
  <set param="PCW::MIO::MIO[42]::IOTYPE" value="LVCMOS 1.8V" />
  <set param="PCW::MIO::MIO[43]::IOTYPE" value="LVCMOS 1.8V" />
  <set param="PCW::MIO::MIO[44]::IOTYPE" value="LVCMOS 1.8V" />
  <set param="PCW::MIO::MIO[45]::IOTYPE" value="LVCMOS 1.8V" />
  <set param="PCW::MIO::MIO[46]::IOTYPE" value="LVCMOS 1.8V" />
  <set param="PCW::MIO::MIO[47]::IOTYPE" value="LVCMOS 1.8V" />
  <set param="PCW::MIO::MIO[48]::IOTYPE" value="LVCMOS 1.8V" />
  <set param="PCW::MIO::MIO[48]::PULLUP" value="disabled" />
  <set param="PCW::MIO::MIO[49]::IOTYPE" value="LVCMOS 1.8V" />
  <set param="PCW::MIO::MIO[49]::PULLUP" value="disabled" />
  <set param="PCW::MIO::MIO[50]::IOTYPE" value="LVCMOS 1.8V" />
  <set param="PCW::MIO::MIO[51]::IOTYPE" value="LVCMOS 1.8V" />
  <set param="PCW::MIO::MIO[52]::IOTYPE" value="LVCMOS 1.8V" />
  <set param="PCW::MIO::MIO[53]::IOTYPE" value="LVCMOS 1.8V" />
  <set param="PCW::UIPARAM::DDR::MEMORY_TYPE" value="DDR 3" />
  <set param="PCW::UIPARAM::DDR::BL" value="8" />
  <set param="PCW::UIPARAM::DDR::DRAM_WIDTH" value="8 Bits" />
  <set param="PCW::UIPARAM::DDR::DEVICE_CAPACITY" value="2048 MBits" />
  <set param="PCW::UIPARAM::DDR::SPEED_BIN" value="DDR3_1066F" />
  <set param="PCW::UIPARAM::DDR::FREQ_MHZ" value="533.333313" />
  <set param="PCW::UIPARAM::DDR::CL" value="7" />
  <set param="PCW::UIPARAM::DDR::CWL" value="6" />
  <set param="PCW::UIPARAM::DDR::T_RCD" value="7" />
  <set param="PCW::UIPARAM::DDR::T_RP" value="7" />
  <set param="PCW::UIPARAM::DDR::T_RC" value="48.91" />
  <set param="PCW::UIPARAM::DDR::T_RAS_MIN" value="34.0" />
  <set param="PCW::UIPARAM::DDR::T_FAW" value="25.0" />
  <set param="PCW::UIPARAM::DDR::DQS_TO_CLK_DELAY_0" value="0.217" />
  <set param="PCW::UIPARAM::DDR::DQS_TO_CLK_DELAY_1" value="0.133" />
  <set param="PCW::UIPARAM::DDR::DQS_TO_CLK_DELAY_2" value="0.089" />
  <set param="PCW::UIPARAM::DDR::DQS_TO_CLK_DELAY_3" value="0.248" />
  <set param="PCW::UIPARAM::DDR::PARTNO" value="MT41J256M8 DA-107" />
  <set param="PCW::UIPARAM::DDR::TRAIN_WRITE_LEVEL" value="1" />
  <set param="PCW::UIPARAM::DDR::TRAIN_READ_GATE" value="1" />
  <set param="PCW::UIPARAM::DDR::TRAIN_DATA_EYE" value="1" />
  <set param="PCW::UIPARAM::DDR::USE_INTERNAL_VREF" value="1" />
  <set param="PCW::UIPARAM::DDR::BOARD_DELAY0" value="0.537" />
  <set param="PCW::UIPARAM::DDR::BOARD_DELAY1" value="0.442" />
  <set param="PCW::UIPARAM::DDR::BOARD_DELAY2" value="0.464" />
  <set param="PCW::UIPARAM::DDR::BOARD_DELAY3" value="0.521" />
  <set param="PCW::GPIO::PERIPHERAL::ENABLE" value="1" />
  <set param="PCW::GPIO::GPIO::IO" value="MIO" />
  <set param="PCW::PRESET::GLOBAL::CONFIG" value="Default" />
  <set param="PCW::PRESET::GLOBAL::DEFAULT" value="powerup" />
  <set param="PCW::CRYSTAL::PERIPHERAL::FREQMHZ" value="33.33" />
  <set param="PCW::APU::PERIPHERAL::FREQMHZ" value="666.6" />
  <set param="PCW::APU::CLK_RATIO::ENABLE" value="6:2:1" />
  <set param="PCW::DCI::PERIPHERAL::FREQMHZ" value="10.157" />
  <set param="PCW::PCAP::PERIPHERAL::FREQMHZ" value="199.98" />
  <set param="PCW::FPGA0::PERIPHERAL::FREQMHZ" value="150" />
  <set param="PCW::FPGA1::PERIPHERAL::FREQMHZ" value="50.000000" />
  <set param="PCW::FPGA2::PERIPHERAL::FREQMHZ" value="50.000000" />
  <set param="PCW::FPGA3::PERIPHERAL::FREQMHZ" value="50.000000" />
  <set param="PCW::QSPI::PERIPHERAL::FREQMHZ" value="100.000000" />
  <set param="PCW::SMC::PERIPHERAL::FREQMHZ" value="100" />
  <set param="PCW::SDIO::PERIPHERAL::FREQMHZ" value="125" />
  <set param="PCW::UART::PERIPHERAL::FREQMHZ" value="50" />
  <set param="PCW::SPI::PERIPHERAL::FREQMHZ" value="200" />
  <set param="PCW::CAN::PERIPHERAL::FREQMHZ" value="100" />
  <set param="PCW::PRESET::BANK0::VOLTAGE" value="LVCMOS 1.8V" />
  <set param="PCW::PRESET::BANK1::VOLTAGE" value="LVCMOS 1.8V" />
</project>
