
<RENDERBATCH>

  <RENDERIMG RASNAME="C:\ZC702_ThreadX\SDK\SDK_Export\hw\imgs\processing_system7_0.jpg" SVGNAME="C:\ZC702_ThreadX\SDK\SDK_Export\hw\imgs\processing_system7_0.svg" TMPSVGFN="C:\ZC702_ThreadX\__xps\.dswkshop\processing_system7_0.svg"/>

  <RENDERIMG RASNAME="C:\ZC702_ThreadX\SDK\SDK_Export\hw\imgs\axi_bram_ctrl_0.jpg" SVGNAME="C:\ZC702_ThreadX\SDK\SDK_Export\hw\imgs\axi_bram_ctrl_0.svg" TMPSVGFN="C:\ZC702_ThreadX\__xps\.dswkshop\axi_bram_ctrl_0.svg"/>

  <RENDERIMG RASNAME="C:\ZC702_ThreadX\SDK\SDK_Export\hw\imgs\axi_bram_ctrl_0_bram_block_1.jpg" SVGNAME="C:\ZC702_ThreadX\SDK\SDK_Export\hw\imgs\axi_bram_ctrl_0_bram_block_1.svg" TMPSVGFN="C:\ZC702_ThreadX\__xps\.dswkshop\axi_bram_ctrl_0_bram_block_1.svg"/>

  <RENDERIMG RASNAME="C:\ZC702_ThreadX\SDK\SDK_Export\hw\imgs\chipscope_axi_monitor_0.jpg" SVGNAME="C:\ZC702_ThreadX\SDK\SDK_Export\hw\imgs\chipscope_axi_monitor_0.svg" TMPSVGFN="C:\ZC702_ThreadX\__xps\.dswkshop\chipscope_axi_monitor_0.svg"/>

  <RENDERIMG RASNAME="C:\ZC702_ThreadX\SDK\SDK_Export\hw\imgs\chipscope_icon_0.jpg" SVGNAME="C:\ZC702_ThreadX\SDK\SDK_Export\hw\imgs\chipscope_icon_0.svg" TMPSVGFN="C:\ZC702_ThreadX\__xps\.dswkshop\chipscope_icon_0.svg"/>

  <RENDERIMG RASNAME="C:\ZC702_ThreadX\SDK\SDK_Export\hw\imgs\mutex_0.jpg" SVGNAME="C:\ZC702_ThreadX\SDK\SDK_Export\hw\imgs\mutex_0.svg" TMPSVGFN="C:\ZC702_ThreadX\__xps\.dswkshop\mutex_0.svg"/>

  <RENDERIMG RASNAME="C:\ZC702_ThreadX\SDK\SDK_Export\hw\imgs\axi_interconnect_0.jpg" SVGNAME="C:\ZC702_ThreadX\SDK\SDK_Export\hw\imgs\axi_interconnect_0.svg" TMPSVGFN="C:\ZC702_ThreadX\__xps\.dswkshop\axi_interconnect_0.svg"/>

  <RENDERIMG RASNAME="C:\ZC702_ThreadX\SDK\SDK_Export\hw\imgs\system_blkd.jpg" SVGNAME="C:\ZC702_ThreadX\SDK\SDK_Export\hw\imgs\system_blkd.svg" TMPSVGFN="C:\ZC702_ThreadX\__xps\.dswkshop\system_blkd.svg"/>

</RENDERBATCH>